id,email,name,passwordHash,role,status,profileImageUrl,createdAt,updatedAt,centerId,favoriteCenterId,birthDate,currentWeight,gender,height,medicalNotes,activityLevel,goal,auth_user_id
cmo1zpivw00jdvbrc6q7set57,superadmin1@metaforce.es,Carlos MartĂ­n LĂłpez,$2b$10$nh5iS.pql51nw.DJkf83Feb2RwT8qJuq5Jx/2OnqWuZaqYnvsAAQ6,SUPERADMIN,ACTIVE,,2026-04-16T21:27:09.788,2026-04-16T21:27:09.788,,cmo1zohq30000vbxwgucrffzo,,,,,,,,
cmo1zpiyq00jfvbrcik2jw31a,superadmin2@metaforce.es,MarĂ­a GarcĂ­a RodrĂ­guez,$2b$10$nh5iS.pql51nw.DJkf83Feb2RwT8qJuq5Jx/2OnqWuZaqYnvsAAQ6,SUPERADMIN,ACTIVE,,2026-04-16T21:27:09.89,2026-04-16T21:27:09.89,,cmo1zoht40001vbxwewve7u9j,,,,,,,,
cmo1zpj1i00jhvbrcp03d5ohb,admin1@metaforcesevilla.es,Admin Centro1,$2b$10$paV4aTa9B1GEU29DDmGmMuXswDq8OFOv0LBkUFEJdLmcrOCVcSsie,ADMIN_CENTER,ACTIVE,,2026-04-16T21:27:09.991,2026-04-16T21:27:09.991,cmo1zohq30000vbxwgucrffzo,cmo1zohq30000vbxwgucrffzo,,,,,,,,
cmo1zpj4b00jjvbrck5qazpv6,admin2@metaforcemĂˇlaga.es,Admin Centro2,$2b$10$paV4aTa9B1GEU29DDmGmMuXswDq8OFOv0LBkUFEJdLmcrOCVcSsie,ADMIN_CENTER,ACTIVE,,2026-04-16T21:27:10.091,2026-04-16T21:27:10.091,cmo1zoht40001vbxwewve7u9j,cmo1zoht40001vbxwewve7u9j,,,,,,,,
cmo1zpj5r00jlvbrckuiyy27r,admin3@metaforcegranada.es,Admin Centro3,$2b$10$paV4aTa9B1GEU29DDmGmMuXswDq8OFOv0LBkUFEJdLmcrOCVcSsie,ADMIN_CENTER,ACTIVE,,2026-04-16T21:27:10.143,2026-04-16T21:27:10.143,cmo1zohuh0002vbxw0ie7757y,cmo1zohuh0002vbxw0ie7757y,,,,,,,,
cmo1zpj7600jnvbrc6u2466e7,admin4@metaforcecĂłrdoba.es,Admin Centro4,$2b$10$paV4aTa9B1GEU29DDmGmMuXswDq8OFOv0LBkUFEJdLmcrOCVcSsie,ADMIN_CENTER,ACTIVE,,2026-04-16T21:27:10.195,2026-04-16T21:27:10.195,cmo1zohvt0003vbxwf8470j45,cmo1zohvt0003vbxwf8470j45,,,,,,,,
cmo1zpj8l00jpvbrcioq7ju6b,admin5@metaforcecĂˇdiz.es,Admin Centro5,$2b$10$paV4aTa9B1GEU29DDmGmMuXswDq8OFOv0LBkUFEJdLmcrOCVcSsie,ADMIN_CENTER,ACTIVE,,2026-04-16T21:27:10.246,2026-04-16T21:27:10.246,cmo1zohx60004vbxwnr4a0wml,cmo1zohx60004vbxwnr4a0wml,,,,,,,,
cmo1zpja200jrvbrcxl5m74kq,admin6@metaforcehuelva.es,Admin Centro6,$2b$10$paV4aTa9B1GEU29DDmGmMuXswDq8OFOv0LBkUFEJdLmcrOCVcSsie,ADMIN_CENTER,ACTIVE,,2026-04-16T21:27:10.298,2026-04-16T21:27:10.298,cmo1zohyk0005vbxwqwn0i383,cmo1zohyk0005vbxwqwn0i383,,,,,,,,
cmo1zpjbm00jtvbrc21fjv3yn,admin7@metaforcealmerĂ­a.es,Admin Centro7,$2b$10$paV4aTa9B1GEU29DDmGmMuXswDq8OFOv0LBkUFEJdLmcrOCVcSsie,ADMIN_CENTER,ACTIVE,,2026-04-16T21:27:10.354,2026-04-16T21:27:10.354,cmo1zohzx0006vbxwoq4zgeci,cmo1zohzx0006vbxwoq4zgeci,,,,,,,,
cmo1zpjd100jvvbrcetlmscu4,admin8@metaforcejaĂ©n.es,Admin Centro8,$2b$10$paV4aTa9B1GEU29DDmGmMuXswDq8OFOv0LBkUFEJdLmcrOCVcSsie,ADMIN_CENTER,ACTIVE,,2026-04-16T21:27:10.406,2026-04-16T21:27:10.406,cmo1zoi1a0007vbxw5vqgotgl,cmo1zoi1a0007vbxw5vqgotgl,,,,,,,,
cmo1zpjfs00jxvbrcgdx606hf,trainer1@metaforce.es,Mrs. Catherine Schumm,$2b$10$6i5KdauZIIPcrXjQr7dSx.B7QPUeSIH4KUX8GL6maujf9DlJK6GeG,TRAINER,PENDING,,2026-04-16T21:27:10.504,2026-04-16T21:27:10.504,,cmo1zohx60004vbxwnr4a0wml,,,,,,,,
cmo1zpjh700jzvbrc1r5lb37w,trainer2@metaforce.es,Casey Harber,$2b$10$6i5KdauZIIPcrXjQr7dSx.B7QPUeSIH4KUX8GL6maujf9DlJK6GeG,TRAINER,PENDING,,2026-04-16T21:27:10.556,2026-04-16T21:27:10.556,,cmo1zoht40001vbxwewve7u9j,,,,,,,,
cmo1zpjin00k1vbrc73oj8o3e,trainer3@metaforce.es,Jeremie Ortiz,$2b$10$6i5KdauZIIPcrXjQr7dSx.B7QPUeSIH4KUX8GL6maujf9DlJK6GeG,TRAINER,PENDING,,2026-04-16T21:27:10.608,2026-04-16T21:27:10.608,,cmo1zohyk0005vbxwqwn0i383,,,,,,,,
cmo1zpjk200k3vbrc3tirr2s8,trainer4@metaforce.es,Darby Miller,$2b$10$6i5KdauZIIPcrXjQr7dSx.B7QPUeSIH4KUX8GL6maujf9DlJK6GeG,TRAINER,PENDING,,2026-04-16T21:27:10.659,2026-04-16T21:27:10.659,,cmo1zohuh0002vbxw0ie7757y,,,,,,,,
cmo1zpjli00k5vbrccnmvib8w,trainer5@metaforce.es,Carol Gutkowski,$2b$10$6i5KdauZIIPcrXjQr7dSx.B7QPUeSIH4KUX8GL6maujf9DlJK6GeG,TRAINER,PENDING,,2026-04-16T21:27:10.711,2026-04-16T21:27:10.711,,cmo1zohuh0002vbxw0ie7757y,,,,,,,,
cmo1zpjoe00k9vbrc4j7m009e,trainer7@metaforce.es,Mathias Morissette,$2b$10$6i5KdauZIIPcrXjQr7dSx.B7QPUeSIH4KUX8GL6maujf9DlJK6GeG,TRAINER,PENDING,,2026-04-16T21:27:10.814,2026-04-16T21:27:10.814,,cmo1zohzx0006vbxwoq4zgeci,,,,,,,,
cmo1zpjpt00kbvbrcznuqp2wm,trainer8@metaforce.es,Angeline Strosin,$2b$10$6i5KdauZIIPcrXjQr7dSx.B7QPUeSIH4KUX8GL6maujf9DlJK6GeG,TRAINER,PENDING,,2026-04-16T21:27:10.866,2026-04-16T21:27:10.866,,cmo1zohyk0005vbxwqwn0i383,,,,,,,,
cmo1zpjso00kfvbrco7giihc5,trainer10@metaforce.es,Colten Ortiz,$2b$10$6i5KdauZIIPcrXjQr7dSx.B7QPUeSIH4KUX8GL6maujf9DlJK6GeG,TRAINER,PENDING,,2026-04-16T21:27:10.969,2026-04-16T21:27:10.969,,cmo1zoht40001vbxwewve7u9j,,,,,,,,
cmo1zpju300khvbrculm75wpe,trainer11@metaforce.es,Norbert Ernser,$2b$10$6i5KdauZIIPcrXjQr7dSx.B7QPUeSIH4KUX8GL6maujf9DlJK6GeG,TRAINER,PENDING,,2026-04-16T21:27:11.02,2026-04-16T21:27:11.02,,cmo1zohuh0002vbxw0ie7757y,,,,,,,,
cmo1zpjwx00klvbrcealyael9,trainer13@metaforce.es,Gregg Zboncak,$2b$10$6i5KdauZIIPcrXjQr7dSx.B7QPUeSIH4KUX8GL6maujf9DlJK6GeG,TRAINER,PENDING,,2026-04-16T21:27:11.121,2026-04-16T21:27:11.121,,cmo1zoht40001vbxwewve7u9j,,,,,,,,
cmo1zpjyc00knvbrceybenoeo,trainer14@metaforce.es,Americo Torphy,$2b$10$6i5KdauZIIPcrXjQr7dSx.B7QPUeSIH4KUX8GL6maujf9DlJK6GeG,TRAINER,PENDING,,2026-04-16T21:27:11.173,2026-04-16T21:27:11.173,,cmo1zoht40001vbxwewve7u9j,,,,,,,,
cmo1zpk2k00krvbrcui5qiw8p,usuario1@test.metaforce.es,Melba Collier MD,$2b$10$pkqwbzd2Nh6kUOfgG8YF4.WAHXJMmzE9/yDJyzmiRYOQ5u9qPQeoq,USER,PENDING,,2026-04-16T21:27:11.324,2026-04-16T21:27:11.324,cmo1zohuh0002vbxw0ie7757y,cmo1zohuh0002vbxw0ie7757y,,,,,,,,
cmo1zpk3z00ktvbrc6ukhr0qe,usuario2@test.metaforce.es,Joshua Boyle,$2b$10$pkqwbzd2Nh6kUOfgG8YF4.WAHXJMmzE9/yDJyzmiRYOQ5u9qPQeoq,USER,PENDING,,2026-04-16T21:27:11.375,2026-04-16T21:27:11.375,cmo1zohuh0002vbxw0ie7757y,cmo1zohzx0006vbxwoq4zgeci,,,,,,,,
cmo1zpk6u00kxvbrcbybs3x7o,usuario4@test.metaforce.es,Javon Schaden,$2b$10$pkqwbzd2Nh6kUOfgG8YF4.WAHXJMmzE9/yDJyzmiRYOQ5u9qPQeoq,USER,PENDING,,2026-04-16T21:27:11.478,2026-04-16T21:27:11.478,cmo1zoht40001vbxwewve7u9j,cmo1zohuh0002vbxw0ie7757y,,,,,,,,
cmo1zpk8900kzvbrcda3xys46,usuario5@test.metaforce.es,Wendell Boehm,$2b$10$pkqwbzd2Nh6kUOfgG8YF4.WAHXJMmzE9/yDJyzmiRYOQ5u9qPQeoq,USER,PENDING,,2026-04-16T21:27:11.53,2026-04-16T21:27:11.53,cmo1zohuh0002vbxw0ie7757y,cmo1zohuh0002vbxw0ie7757y,,,,,,,,
cmo1zpkb400l3vbrcm7v4a2be,usuario7@test.metaforce.es,Blake DuBuque,$2b$10$pkqwbzd2Nh6kUOfgG8YF4.WAHXJMmzE9/yDJyzmiRYOQ5u9qPQeoq,USER,PENDING,,2026-04-16T21:27:11.633,2026-04-16T21:27:11.633,cmo1zohuh0002vbxw0ie7757y,cmo1zohyk0005vbxwqwn0i383,,,,,,,,
cmo1zpkck00l5vbrcp2mbtqx7,usuario8@test.metaforce.es,Gwen Stroman IV,$2b$10$pkqwbzd2Nh6kUOfgG8YF4.WAHXJMmzE9/yDJyzmiRYOQ5u9qPQeoq,USER,PENDING,,2026-04-16T21:27:11.684,2026-04-16T21:27:11.684,cmo1zohx60004vbxwnr4a0wml,cmo1zohq30000vbxwgucrffzo,,,,,,,,
cmo1zpkdz00l7vbrcmemgin20,usuario9@test.metaforce.es,Emily Cormier,$2b$10$pkqwbzd2Nh6kUOfgG8YF4.WAHXJMmzE9/yDJyzmiRYOQ5u9qPQeoq,USER,PENDING,,2026-04-16T21:27:11.736,2026-04-16T21:27:11.736,cmo1zohyk0005vbxwqwn0i383,cmo1zohyk0005vbxwqwn0i383,,,,,,,,
cmo1zpjr800kdvbrc0ooou35m,trainer9@metaforce.es,Harold Gulgowski,$2b$10$6i5KdauZIIPcrXjQr7dSx.B7QPUeSIH4KUX8GL6maujf9DlJK6GeG,TRAINER,ACTIVE,,2026-04-16T21:27:10.917,2026-04-16T21:27:10.917,,cmo1zohvt0003vbxwf8470j45,,,,,,,,
cmo1zpjvi00kjvbrc04hz2vhf,trainer12@metaforce.es,Alison Feest,$2b$10$6i5KdauZIIPcrXjQr7dSx.B7QPUeSIH4KUX8GL6maujf9DlJK6GeG,TRAINER,ACTIVE,,2026-04-16T21:27:11.071,2026-04-16T21:27:11.071,,cmo1zoi1a0007vbxw5vqgotgl,,,,,,,,
cmo1zpjzr00kpvbrcorqx9m0d,trainer15@metaforce.es,Jenna Glover,$2b$10$6i5KdauZIIPcrXjQr7dSx.B7QPUeSIH4KUX8GL6maujf9DlJK6GeG,TRAINER,ACTIVE,,2026-04-16T21:27:11.224,2026-04-16T21:27:11.224,,cmo1zohq30000vbxwgucrffzo,,,,,,,,
cmo1zpk5f00kvvbrccwi4wixy,usuario3@test.metaforce.es,Ms. Tommie Kemmer,$2b$10$pkqwbzd2Nh6kUOfgG8YF4.WAHXJMmzE9/yDJyzmiRYOQ5u9qPQeoq,USER,ACTIVE,,2026-04-16T21:27:11.427,2026-04-16T21:27:11.427,cmo1zohuh0002vbxw0ie7757y,cmo1zoht40001vbxwewve7u9j,,,,,,,,
cmo1zpk9o00l1vbrcsgei08x7,usuario6@test.metaforce.es,Lorene Ullrich,$2b$10$pkqwbzd2Nh6kUOfgG8YF4.WAHXJMmzE9/yDJyzmiRYOQ5u9qPQeoq,USER,ACTIVE,,2026-04-16T21:27:11.581,2026-04-16T21:27:11.581,cmo1zohyk0005vbxwqwn0i383,cmo1zohvt0003vbxwf8470j45,,,,,,,,
cmo1zpkfe00l9vbrcatfbznst,usuario10@test.metaforce.es,Jordan Reichert,$2b$10$pkqwbzd2Nh6kUOfgG8YF4.WAHXJMmzE9/yDJyzmiRYOQ5u9qPQeoq,USER,PENDING,,2026-04-16T21:27:11.787,2026-04-16T21:27:11.787,cmo1zohvt0003vbxwf8470j45,cmo1zohvt0003vbxwf8470j45,,,,,,,,
cmo1zpkgt00lbvbrcaw5polyk,usuario11@test.metaforce.es,Stewart Roberts,$2b$10$pkqwbzd2Nh6kUOfgG8YF4.WAHXJMmzE9/yDJyzmiRYOQ5u9qPQeoq,USER,PENDING,,2026-04-16T21:27:11.838,2026-04-16T21:27:11.838,cmo1zohuh0002vbxw0ie7757y,cmo1zoht40001vbxwewve7u9j,,,,,,,,
cmo1zpki900ldvbrcb6p1zzrv,usuario12@test.metaforce.es,Wilfred Hauck,$2b$10$pkqwbzd2Nh6kUOfgG8YF4.WAHXJMmzE9/yDJyzmiRYOQ5u9qPQeoq,USER,PENDING,,2026-04-16T21:27:11.89,2026-04-16T21:27:11.89,cmo1zohzx0006vbxwoq4zgeci,cmo1zohx60004vbxwnr4a0wml,,,,,,,,
cmo1zpkjp00lfvbrcxs7k5dfz,usuario13@test.metaforce.es,Angelina Pouros,$2b$10$pkqwbzd2Nh6kUOfgG8YF4.WAHXJMmzE9/yDJyzmiRYOQ5u9qPQeoq,USER,PENDING,,2026-04-16T21:27:11.942,2026-04-16T21:27:11.942,cmo1zoht40001vbxwewve7u9j,cmo1zohq30000vbxwgucrffzo,,,,,,,,
cmo1zpkl500lhvbrcfnz4cdlk,usuario14@test.metaforce.es,Alex Klocko,$2b$10$pkqwbzd2Nh6kUOfgG8YF4.WAHXJMmzE9/yDJyzmiRYOQ5u9qPQeoq,USER,PENDING,,2026-04-16T21:27:11.994,2026-04-16T21:27:11.994,cmo1zoi1a0007vbxw5vqgotgl,cmo1zoi1a0007vbxw5vqgotgl,,,,,,,,
cmo1zpkmm00ljvbrc42auahjs,usuario15@test.metaforce.es,Gerardo Upton,$2b$10$pkqwbzd2Nh6kUOfgG8YF4.WAHXJMmzE9/yDJyzmiRYOQ5u9qPQeoq,USER,PENDING,,2026-04-16T21:27:12.046,2026-04-16T21:27:12.046,cmo1zohq30000vbxwgucrffzo,cmo1zohzx0006vbxwoq4zgeci,,,,,,,,
cmo1zpko100llvbrcei8ar3mm,usuario16@test.metaforce.es,May Rath,$2b$10$pkqwbzd2Nh6kUOfgG8YF4.WAHXJMmzE9/yDJyzmiRYOQ5u9qPQeoq,USER,PENDING,,2026-04-16T21:27:12.097,2026-04-16T21:27:12.097,cmo1zohzx0006vbxwoq4zgeci,cmo1zohq30000vbxwgucrffzo,,,,,,,,
cmo1zpkph00lnvbrcm0b4om85,usuario17@test.metaforce.es,Fredy Schimmel,$2b$10$pkqwbzd2Nh6kUOfgG8YF4.WAHXJMmzE9/yDJyzmiRYOQ5u9qPQeoq,USER,PENDING,,2026-04-16T21:27:12.149,2026-04-16T21:27:12.149,cmo1zohyk0005vbxwqwn0i383,cmo1zohzx0006vbxwoq4zgeci,,,,,,,,
cmo1zpkqw00lpvbrcu1dq52zd,usuario18@test.metaforce.es,Connie Metz,$2b$10$pkqwbzd2Nh6kUOfgG8YF4.WAHXJMmzE9/yDJyzmiRYOQ5u9qPQeoq,USER,PENDING,,2026-04-16T21:27:12.201,2026-04-16T21:27:12.201,cmo1zohyk0005vbxwqwn0i383,cmo1zoi1a0007vbxw5vqgotgl,,,,,,,,
cmo1zpksb00lrvbrczvay7yiv,usuario19@test.metaforce.es,Miss Miranda Hammes,$2b$10$pkqwbzd2Nh6kUOfgG8YF4.WAHXJMmzE9/yDJyzmiRYOQ5u9qPQeoq,USER,PENDING,,2026-04-16T21:27:12.251,2026-04-16T21:27:12.251,cmo1zohx60004vbxwnr4a0wml,cmo1zohx60004vbxwnr4a0wml,,,,,,,,
cmo1zpkts00ltvbrc5vdhvx4g,usuario20@test.metaforce.es,Hope Batz,$2b$10$pkqwbzd2Nh6kUOfgG8YF4.WAHXJMmzE9/yDJyzmiRYOQ5u9qPQeoq,USER,PENDING,,2026-04-16T21:27:12.304,2026-04-16T21:27:12.304,cmo1zohzx0006vbxwoq4zgeci,cmo1zohvt0003vbxwf8470j45,,,,,,,,
cmo1zpkv700lvvbrcwa04o3h3,usuario21@test.metaforce.es,Gilberto Mohr,$2b$10$pkqwbzd2Nh6kUOfgG8YF4.WAHXJMmzE9/yDJyzmiRYOQ5u9qPQeoq,USER,PENDING,,2026-04-16T21:27:12.355,2026-04-16T21:27:12.355,cmo1zohyk0005vbxwqwn0i383,cmo1zohuh0002vbxw0ie7757y,,,,,,,,
cmo1zpkwm00lxvbrcbcc0age5,usuario22@test.metaforce.es,Irvin Koch,$2b$10$pkqwbzd2Nh6kUOfgG8YF4.WAHXJMmzE9/yDJyzmiRYOQ5u9qPQeoq,USER,PENDING,,2026-04-16T21:27:12.407,2026-04-16T21:27:12.407,cmo1zoi1a0007vbxw5vqgotgl,cmo1zohuh0002vbxw0ie7757y,,,,,,,,
cmo1zpky100lzvbrc4jls9ltw,usuario23@test.metaforce.es,Clifford Stanton,$2b$10$pkqwbzd2Nh6kUOfgG8YF4.WAHXJMmzE9/yDJyzmiRYOQ5u9qPQeoq,USER,PENDING,,2026-04-16T21:27:12.458,2026-04-16T21:27:12.458,cmo1zohx60004vbxwnr4a0wml,cmo1zoi1a0007vbxw5vqgotgl,,,,,,,,
cmo1zpkzh00m1vbrc2ygcx8vi,usuario24@test.metaforce.es,Luke Hettinger,$2b$10$pkqwbzd2Nh6kUOfgG8YF4.WAHXJMmzE9/yDJyzmiRYOQ5u9qPQeoq,USER,PENDING,,2026-04-16T21:27:12.509,2026-04-16T21:27:12.509,cmo1zohvt0003vbxwf8470j45,cmo1zohvt0003vbxwf8470j45,,,,,,,,
cmo1zpl0w00m3vbrc9tyd9lmv,usuario25@test.metaforce.es,Harold Ratke,$2b$10$pkqwbzd2Nh6kUOfgG8YF4.WAHXJMmzE9/yDJyzmiRYOQ5u9qPQeoq,USER,PENDING,,2026-04-16T21:27:12.561,2026-04-16T21:27:12.561,cmo1zohvt0003vbxwf8470j45,cmo1zohq30000vbxwgucrffzo,,,,,,,,
cmo1zpl2c00m5vbrccxj9ikxc,usuario26@test.metaforce.es,Erma Shields,$2b$10$pkqwbzd2Nh6kUOfgG8YF4.WAHXJMmzE9/yDJyzmiRYOQ5u9qPQeoq,USER,PENDING,,2026-04-16T21:27:12.612,2026-04-16T21:27:12.612,cmo1zohuh0002vbxw0ie7757y,cmo1zohx60004vbxwnr4a0wml,,,,,,,,
cmo1zpl3r00m7vbrc1i2pyut5,usuario27@test.metaforce.es,Virgil Marvin,$2b$10$pkqwbzd2Nh6kUOfgG8YF4.WAHXJMmzE9/yDJyzmiRYOQ5u9qPQeoq,USER,PENDING,,2026-04-16T21:27:12.664,2026-04-16T21:27:12.664,cmo1zoi1a0007vbxw5vqgotgl,cmo1zohq30000vbxwgucrffzo,,,,,,,,
cmo1zpl5700m9vbrces3mymjf,usuario28@test.metaforce.es,Lora Kirlin,$2b$10$pkqwbzd2Nh6kUOfgG8YF4.WAHXJMmzE9/yDJyzmiRYOQ5u9qPQeoq,USER,PENDING,,2026-04-16T21:27:12.715,2026-04-16T21:27:12.715,cmo1zohx60004vbxwnr4a0wml,cmo1zoht40001vbxwewve7u9j,,,,,,,,
cmo1zpl6m00mbvbrc6wt7lrv1,usuario29@test.metaforce.es,Grady O'Conner,$2b$10$pkqwbzd2Nh6kUOfgG8YF4.WAHXJMmzE9/yDJyzmiRYOQ5u9qPQeoq,USER,PENDING,,2026-04-16T21:27:12.767,2026-04-16T21:27:12.767,cmo1zohyk0005vbxwqwn0i383,cmo1zohyk0005vbxwqwn0i383,,,,,,,,
cmo1zpl8200mdvbrcszva27yj,usuario30@test.metaforce.es,Marc Kuhn,$2b$10$pkqwbzd2Nh6kUOfgG8YF4.WAHXJMmzE9/yDJyzmiRYOQ5u9qPQeoq,USER,PENDING,,2026-04-16T21:27:12.818,2026-04-16T21:27:12.818,cmo1zohuh0002vbxw0ie7757y,cmo1zohzx0006vbxwoq4zgeci,,,,,,,,
cmo1zpl9h00mfvbrc4siwhcul,usuario31@test.metaforce.es,Nadine Daniel,$2b$10$pkqwbzd2Nh6kUOfgG8YF4.WAHXJMmzE9/yDJyzmiRYOQ5u9qPQeoq,USER,PENDING,,2026-04-16T21:27:12.87,2026-04-16T21:27:12.87,cmo1zohzx0006vbxwoq4zgeci,cmo1zohzx0006vbxwoq4zgeci,,,,,,,,
cmo1zplaw00mhvbrcpe7xw74z,usuario32@test.metaforce.es,Michelle Schumm,$2b$10$pkqwbzd2Nh6kUOfgG8YF4.WAHXJMmzE9/yDJyzmiRYOQ5u9qPQeoq,USER,PENDING,,2026-04-16T21:27:12.921,2026-04-16T21:27:12.921,cmo1zohx60004vbxwnr4a0wml,cmo1zohq30000vbxwgucrffzo,,,,,,,,
cmo1zplcb00mjvbrcu7bvmds5,usuario33@test.metaforce.es,Neal Bradtke,$2b$10$pkqwbzd2Nh6kUOfgG8YF4.WAHXJMmzE9/yDJyzmiRYOQ5u9qPQeoq,USER,PENDING,,2026-04-16T21:27:12.972,2026-04-16T21:27:12.972,cmo1zohzx0006vbxwoq4zgeci,cmo1zoht40001vbxwewve7u9j,,,,,,,,
cmo1zpldr00mlvbrcrhcxzbih,usuario34@test.metaforce.es,Jack Paucek,$2b$10$pkqwbzd2Nh6kUOfgG8YF4.WAHXJMmzE9/yDJyzmiRYOQ5u9qPQeoq,USER,PENDING,,2026-04-16T21:27:13.023,2026-04-16T21:27:13.023,cmo1zohx60004vbxwnr4a0wml,cmo1zoht40001vbxwewve7u9j,,,,,,,,
cmo1zplf600mnvbrcmwt1z2tw,usuario35@test.metaforce.es,Queen Paucek,$2b$10$pkqwbzd2Nh6kUOfgG8YF4.WAHXJMmzE9/yDJyzmiRYOQ5u9qPQeoq,USER,PENDING,,2026-04-16T21:27:13.075,2026-04-16T21:27:13.075,cmo1zohvt0003vbxwf8470j45,cmo1zohx60004vbxwnr4a0wml,,,,,,,,
cmo1zplgm00mpvbrc4on9yao1,usuario36@test.metaforce.es,Lana Dietrich DVM,$2b$10$pkqwbzd2Nh6kUOfgG8YF4.WAHXJMmzE9/yDJyzmiRYOQ5u9qPQeoq,USER,PENDING,,2026-04-16T21:27:13.126,2026-04-16T21:27:13.126,cmo1zoi1a0007vbxw5vqgotgl,cmo1zoi1a0007vbxw5vqgotgl,,,,,,,,
cmo1zpli100mrvbrcvemqgtue,usuario37@test.metaforce.es,Vincent Koch,$2b$10$pkqwbzd2Nh6kUOfgG8YF4.WAHXJMmzE9/yDJyzmiRYOQ5u9qPQeoq,USER,PENDING,,2026-04-16T21:27:13.177,2026-04-16T21:27:13.177,cmo1zoi1a0007vbxw5vqgotgl,cmo1zoi1a0007vbxw5vqgotgl,,,,,,,,
cmo1zpljh00mtvbrcdcbsxoke,usuario38@test.metaforce.es,Mildred Koch,$2b$10$pkqwbzd2Nh6kUOfgG8YF4.WAHXJMmzE9/yDJyzmiRYOQ5u9qPQeoq,USER,PENDING,,2026-04-16T21:27:13.23,2026-04-16T21:27:13.23,cmo1zohyk0005vbxwqwn0i383,cmo1zohx60004vbxwnr4a0wml,,,,,,,,
cmo1zplkx00mvvbrce555an8c,usuario39@test.metaforce.es,Perry Sanford IV,$2b$10$pkqwbzd2Nh6kUOfgG8YF4.WAHXJMmzE9/yDJyzmiRYOQ5u9qPQeoq,USER,PENDING,,2026-04-16T21:27:13.281,2026-04-16T21:27:13.281,cmo1zoht40001vbxwewve7u9j,cmo1zohvt0003vbxwf8470j45,,,,,,,,
cmo1zplmd00mxvbrcx7i2mlp8,usuario40@test.metaforce.es,Perry Kessler,$2b$10$pkqwbzd2Nh6kUOfgG8YF4.WAHXJMmzE9/yDJyzmiRYOQ5u9qPQeoq,USER,PENDING,,2026-04-16T21:27:13.333,2026-04-16T21:27:13.333,cmo1zoi1a0007vbxw5vqgotgl,cmo1zoi1a0007vbxw5vqgotgl,,,,,,,,
cmo1zplns00mzvbrcjlyeyxy0,usuario41@test.metaforce.es,Gerda Anderson,$2b$10$pkqwbzd2Nh6kUOfgG8YF4.WAHXJMmzE9/yDJyzmiRYOQ5u9qPQeoq,USER,PENDING,,2026-04-16T21:27:13.384,2026-04-16T21:27:13.384,cmo1zohx60004vbxwnr4a0wml,cmo1zohx60004vbxwnr4a0wml,,,,,,,,
cmo1zplp700n1vbrcofy8w6cm,usuario42@test.metaforce.es,Alexis Hayes,$2b$10$pkqwbzd2Nh6kUOfgG8YF4.WAHXJMmzE9/yDJyzmiRYOQ5u9qPQeoq,USER,PENDING,,2026-04-16T21:27:13.435,2026-04-16T21:27:13.435,cmo1zohzx0006vbxwoq4zgeci,cmo1zohvt0003vbxwf8470j45,,,,,,,,
cmo1zplql00n3vbrcnntictrc,usuario43@test.metaforce.es,Luella Cole-Shields,$2b$10$pkqwbzd2Nh6kUOfgG8YF4.WAHXJMmzE9/yDJyzmiRYOQ5u9qPQeoq,USER,PENDING,,2026-04-16T21:27:13.486,2026-04-16T21:27:13.486,cmo1zohvt0003vbxwf8470j45,cmo1zohvt0003vbxwf8470j45,,,,,,,,
cmo1zpls100n5vbrcoloogp7i,usuario44@test.metaforce.es,Eric Littel-Flatley,$2b$10$pkqwbzd2Nh6kUOfgG8YF4.WAHXJMmzE9/yDJyzmiRYOQ5u9qPQeoq,USER,PENDING,,2026-04-16T21:27:13.537,2026-04-16T21:27:13.537,cmo1zohzx0006vbxwoq4zgeci,cmo1zoht40001vbxwewve7u9j,,,,,,,,
cmo1zpltg00n7vbrc6txdcxm4,usuario45@test.metaforce.es,Antonina Raynor,$2b$10$pkqwbzd2Nh6kUOfgG8YF4.WAHXJMmzE9/yDJyzmiRYOQ5u9qPQeoq,USER,PENDING,,2026-04-16T21:27:13.589,2026-04-16T21:27:13.589,cmo1zohx60004vbxwnr4a0wml,cmo1zohuh0002vbxw0ie7757y,,,,,,,,
cmo1zpluw00n9vbrckqehb19e,usuario46@test.metaforce.es,Glenna Bradtke,$2b$10$pkqwbzd2Nh6kUOfgG8YF4.WAHXJMmzE9/yDJyzmiRYOQ5u9qPQeoq,USER,PENDING,,2026-04-16T21:27:13.64,2026-04-16T21:27:13.64,cmo1zohq30000vbxwgucrffzo,cmo1zohq30000vbxwgucrffzo,,,,,,,,
cmo1zplwd00nbvbrcb1wb3fp7,usuario47@test.metaforce.es,Peter Osinski,$2b$10$pkqwbzd2Nh6kUOfgG8YF4.WAHXJMmzE9/yDJyzmiRYOQ5u9qPQeoq,USER,PENDING,,2026-04-16T21:27:13.693,2026-04-16T21:27:13.693,cmo1zohyk0005vbxwqwn0i383,cmo1zohvt0003vbxwf8470j45,,,,,,,,
cmo1zplxs00ndvbrcy162cpyj,usuario48@test.metaforce.es,Terri DuBuque III,$2b$10$pkqwbzd2Nh6kUOfgG8YF4.WAHXJMmzE9/yDJyzmiRYOQ5u9qPQeoq,USER,PENDING,,2026-04-16T21:27:13.744,2026-04-16T21:27:13.744,cmo1zohq30000vbxwgucrffzo,cmo1zohq30000vbxwgucrffzo,,,,,,,,
cmo1zplz800nfvbrc0b5lvry7,usuario49@test.metaforce.es,Jane Carter,$2b$10$pkqwbzd2Nh6kUOfgG8YF4.WAHXJMmzE9/yDJyzmiRYOQ5u9qPQeoq,USER,PENDING,,2026-04-16T21:27:13.796,2026-04-16T21:27:13.796,cmo1zohx60004vbxwnr4a0wml,cmo1zohyk0005vbxwqwn0i383,,,,,,,,
cmo1zpm0m00nhvbrcmsajbzzm,usuario50@test.metaforce.es,Minnie Becker,$2b$10$pkqwbzd2Nh6kUOfgG8YF4.WAHXJMmzE9/yDJyzmiRYOQ5u9qPQeoq,USER,PENDING,,2026-04-16T21:27:13.847,2026-04-16T21:27:13.847,cmo1zohyk0005vbxwqwn0i383,cmo1zoht40001vbxwewve7u9j,,,,,,,,
f7d34f4a-fc50-4307-9c05-b07c930d5231,test-signup@meta-force.local,Test Signup,,USER,ACTIVE,,2026-04-19T11:51:59.198,2026-04-19T11:51:59.198,,,,,,,,,,f7d34f4a-fc50-4307-9c05-b07c930d5231
cmo1zpjmy00k7vbrcb2z7724c,trainer6@metaforce.es,Iris Bergstrom,$2b$10$6i5KdauZIIPcrXjQr7dSx.B7QPUeSIH4KUX8GL6maujf9DlJK6GeG,TRAINER,ACTIVE,,2026-04-16T21:27:10.762,2026-04-16T21:27:10.762,,cmo1zohq30000vbxwgucrffzo,,,,,,,,
402d4b4c-1019-4507-9a5d-fe920e7d5728,metaforcegym@gmail.com,Meta Force,,SUPERADMIN,ACTIVE,https://qybgnrlszozjhimewkel.supabase.co/storage/v1/object/public/profiles/402d4b4c-1019-4507-9a5d-fe920e7d5728/avatar.jpeg,2026-04-19T12:33:40.008,2026-04-19T12:33:40.008,,,,,,,,,,402d4b4c-1019-4507-9a5d-fe920e7d5728
